Normal	Cerulean Cave	36.047193	140.167760
Normal	Safari Zone	36.036145	140.484194
Poison	Safari Zone	36.036145	140.484194
Poison	Cerulean Cave	36.047193	140.167760
Fighting	Saffron City	35.680460	139.766612
Bug	Viridian Forest	36.036145	138.670876
Fairy	Mt. Moon	36.539991	139.166215
Fairy	Celadon Gym	35.685080	139.710030
Electric	Power Plant	36.466389	140.606667
Ground	Diglett's Cave	20.787587	-156.027552
Water	Cerulean Cave	36.047193	140.167760
Psychic	Celadon Gym	35.685080	139.710030