Reflection Sound Studios	40.725605	73.486996
Sapone Studios	40.725605	72.486996
The Magic Shop Recording Studios	40.717925	73.997906
Nada Studios	41.491355	74.17667
TomandAndy
Cove City	20.867338	73.631402
Longview Farm	42.298516	72.083597
Sapone Studios	40.725605	72.486996